timestep,xcenter,ycenter,radius,object,points,area,color
0,0.1,0.0,0.1,0,"[[0.2, 0.0], [0.19458172417006347, 0.03246994692046835], [0.17891405093963936, 0.061421271268966786], [0.1546948158122427, 0.08371664782625286], [0.12454854871407993, 0.09694002659393304], [0.09174206545276678, 0.09965844930066699], [0.05983045753470308, 0.09157733266550576], [0.032271842837425915, 0.07357239106731318], [0.012052624879351104, 0.04759473930370737], [0.0013638696597277622, 0.016459459028073404], [0.0013638696597277622, -0.01645945902807338], [0.01205262487935109, -0.047594739303707355], [0.03227184283742586, -0.07357239106731313], [0.059830457534703015, -0.09157733266550573], [0.09174206545276672, -0.09965844930066699], [0.12454854871407989, -0.09694002659393305], [0.15469481581224268, -0.08371664782625288], [0.17891405093963936, -0.06142127126896681], [0.19458172417006347, -0.032469946920468375], [0.2, -2.4492935982947065e-17]]",0.031415926535897934,#66c2a5
0,0.5,0.0,0.05,1,"[[0.55, 0.0], [0.5472908620850317, 0.016234973460234173], [0.5394570254698197, 0.030710635634483393], [0.5273474079061213, 0.04185832391312643], [0.51227427435704, 0.04847001329696652], [0.4958710327263834, 0.049829224650333494], [0.47991522876735154, 0.04578866633275288], [0.46613592141871296, 0.03678619553365659], [0.45602631243967556, 0.023797369651853684], [0.45068193482986385, 0.008229729514036702], [0.45068193482986385, -0.00822972951403669], [0.45602631243967556, -0.023797369651853677], [0.4661359214187129, -0.036786195533656564], [0.4799152287673515, -0.045788666332752866], [0.4958710327263834, -0.049829224650333494], [0.51227427435704, -0.04847001329696653], [0.5273474079061213, -0.04185832391312644], [0.5394570254698197, -0.030710635634483403], [0.5472908620850317, -0.016234973460234187], [0.55, -1.2246467991473533e-17]]",0.007853981633974483,#fc8d62
0,0.8,0.0,0.05,2,"[[0.8500000000000001, 0.0], [0.8472908620850318, 0.016234973460234173], [0.8394570254698197, 0.030710635634483393], [0.8273474079061214, 0.04185832391312643], [0.81227427435704, 0.04847001329696652], [0.7958710327263834, 0.049829224650333494], [0.7799152287673515, 0.04578866633275288], [0.766135921418713, 0.03678619553365659], [0.7560263124396756, 0.023797369651853684], [0.7506819348298639, 0.008229729514036702], [0.7506819348298639, -0.00822972951403669], [0.7560263124396756, -0.023797369651853677], [0.766135921418713, -0.036786195533656564], [0.7799152287673515, -0.045788666332752866], [0.7958710327263834, -0.049829224650333494], [0.81227427435704, -0.04847001329696653], [0.8273474079061214, -0.04185832391312644], [0.8394570254698197, -0.030710635634483403], [0.8472908620850318, -0.016234973460234187], [0.8500000000000001, -1.2246467991473533e-17]]",0.007853981633974483,#8da0cb
0,1.0,-0.0,0.3,3,"[[1.3, 0.0], [1.2837451725101903, 0.09740984076140503], [1.236742152818918, 0.18426381380690035], [1.164084447436728, 0.2511499434787586], [1.0736456461422397, 0.2908200797817991], [0.9752261963583003, 0.2989753479020009], [0.8794913726041093, 0.27473199799651726], [0.7968155285122778, 0.22071717320193954], [0.7361578746380533, 0.14278421791112209], [0.7040916089791833, 0.04937837708422021], [0.7040916089791833, -0.04937837708422013], [0.7361578746380533, -0.14278421791112206], [0.7968155285122775, -0.22071717320193937], [0.879491372604109, -0.27473199799651715], [0.9752261963583002, -0.2989753479020009], [1.0736456461422397, -0.29082007978179913], [1.164084447436728, -0.25114994347875863], [1.236742152818918, -0.1842638138069004], [1.2837451725101903, -0.09740984076140512], [1.3, -7.347880794884119e-17]]",0.2827433388230814,#e78ac3
1,0.09510565162951536,0.03090169943749474,0.1,0,"[[0.19510565162951538, 0.03090169943749474], [0.18968737579957884, 0.06337164635796308], [0.17401970256915472, 0.09232297070646153], [0.14980046744175807, 0.1146183472637476], [0.11965420034359528, 0.1278417260314278], [0.08684771708228213, 0.13056014873816174], [0.05493610916421843, 0.1224790321030005], [0.027377494466941266, 0.10447409050480792], [0.007158276508866454, 0.0784964387412021], [-0.0035304787107568875, 0.04736115846556814], [-0.0035304787107568875, 0.01444224040942136], [0.00715827650886644, -0.016693039866212615], [0.02737749446694121, -0.04267069162981839], [0.054936109164218365, -0.06067563322801099], [0.08684771708228209, -0.06875674986317225], [0.11965420034359524, -0.06603832715643831], [0.149800467441758, -0.05281494838875814], [0.1740197025691547, -0.030519571831472067], [0.18968737579957884, -0.001568247482973635], [0.19510565162951538, 0.030901699437494715]]",0.031415926535897934,#66c2a5
1,0.47552825814757677,0.1545084971874737,0.07,1,"[[0.5455282581475768, 0.1545084971874737], [0.5417354650666212, 0.17723746003180155], [0.5307680938053243, 0.19750338707575044], [0.5138146292161466, 0.2131101506658507], [0.4927122422474327, 0.22236651580322683], [0.4697477039645135, 0.2242694116979406], [0.4474095784218689, 0.21861263005332773], [0.4281185481337749, 0.20600917093459292], [0.41396509556312255, 0.18782481470006884], [0.4064829669093862, 0.16603011850712507], [0.4064829669093862, 0.14298687586782233], [0.41396509556312255, 0.12119217967487855], [0.42811854813377487, 0.1030078234403545], [0.44740957842186885, 0.09040436432161968], [0.4697477039645135, 0.0847475826770068], [0.4927122422474327, 0.08665047857172056], [0.5138146292161466, 0.09590684370909668], [0.5307680938053243, 0.11151360729919693], [0.5417354650666212, 0.13177953434314582], [0.5455282581475768, 0.15450849718747367]]",0.015393804002589988,#fc8d62
1,0.7608452130361228,0.24721359549995792,0.07,2,"[[0.8308452130361228, 0.24721359549995792], [0.8270524199551673, 0.26994255834428577], [0.8160850486938704, 0.2902084853882347], [0.7991315841046928, 0.3058152489783349], [0.7780291971359788, 0.31507161411571105], [0.7550646588530596, 0.3169745100104248], [0.732726533310415, 0.31131772836581195], [0.713435503022321, 0.29871426924707717], [0.6992820504516686, 0.2805299130125531], [0.6917999217979323, 0.2587352168196093], [0.6917999217979323, 0.23569197418030655], [0.6992820504516686, 0.21389727798736277], [0.713435503022321, 0.19571292175283872], [0.7327265333104149, 0.18310946263410388], [0.7550646588530595, 0.17745268098949102], [0.7780291971359787, 0.17935557688420478], [0.7991315841046928, 0.18861194202158088], [0.8160850486938704, 0.20421870561168115], [0.8270524199551673, 0.22448463265563007], [0.8308452130361228, 0.2472135954999579]]",0.015393804002589988,#8da0cb
1,0.9510565162951535,-0.3090169943749474,0.2855,3,"[[1.2365565162951535, -0.3090169943749474], [1.2210873388006847, -0.21631529591701026], [1.176356131727824, -0.13365926490204724], [1.1072102154391064, -0.07000596483099553], [1.0211426228738518, -0.032253218449268595], [0.9274801131628027, -0.024492121621543184], [0.8363724725567309, -0.04756370961492851], [0.7576926275960045, -0.09896781787776829], [0.6999667603257009, -0.17313401366286288], [0.6694503641736763, -0.26202523884979784], [0.6694503641736763, -0.3560087499000969], [0.6999667603257009, -0.44489997508703183], [0.7576926275960043, -0.5190661708721264], [0.8363724725567306, -0.5704702791349663], [0.9274801131628025, -0.5935418671283517], [1.0211426228738516, -0.5857807703006263], [1.1072102154391064, -0.5480280239188994], [1.176356131727824, -0.48437472384784763], [1.2210873388006847, -0.4017186928328846], [1.2365565162951535, -0.30901699437494745]]",0.2560720025922674,#e78ac3
2,0.08090169943749476,0.058778525229247314,0.1,0,"[[0.18090169943749476, 0.058778525229247314], [0.17548342360755823, 0.09124847214971565], [0.15981575037713414, 0.1201997964982141], [0.13559651524973745, 0.1424951730555002], [0.10545024815157468, 0.15571855182318034], [0.07264376489026153, 0.1584369745299143], [0.04073215697219783, 0.1503558578947531], [0.013173542274920666, 0.13235091629656048], [-0.007045675683154146, 0.10637326453295468], [-0.017734430902777487, 0.07523798425732071], [-0.017734430902777487, 0.042319066201173934], [-0.0070456756831541595, 0.011183785925539959], [0.01317354227492061, -0.014793865838065814], [0.040732156972197765, -0.03279880743625842], [0.07264376489026148, -0.040879924071419674], [0.10545024815157464, -0.03816150136468574], [0.13559651524973743, -0.024938122597005563], [0.15981575037713408, -0.002642746039719493], [0.17548342360755823, 0.02630857830877894], [0.18090169943749476, 0.058778525229247286]]",0.031415926535897934,#66c2a5
2,0.4045084971874737,0.29389262614623657,0.09000000000000001,1,"[[0.49450849718747375, 0.29389262614623657], [0.48963204894053086, 0.3231155783746581], [0.47553114303314914, 0.3491717702883067], [0.45373383141849216, 0.36923760918986415], [0.4266021910301457, 0.3811386500807763], [0.39707635609496383, 0.38358523051683685], [0.3683559089687065, 0.3763122255451917], [0.343553155741157, 0.36010777810681843], [0.3253558595788897, 0.3367278915195732], [0.3157359798812287, 0.30870613927150264], [0.3157359798812287, 0.27907911302097055], [0.3253558595788897, 0.2510573607729], [0.34355315574115697, 0.22767747418565476], [0.3683559089687064, 0.2114730267472814], [0.3970763560949638, 0.2042000217756363], [0.4266021910301456, 0.2066466022116968], [0.4537338314184921, 0.218547643102609], [0.47553114303314914, 0.23861348200416643], [0.48963204894053086, 0.26466967391781504], [0.49450849718747375, 0.29389262614623657]]",0.02544690049407733,#fc8d62
2,0.647213595499958,0.4702282018339785,0.09000000000000001,2,"[[0.737213595499958, 0.4702282018339785], [0.7323371472530151, 0.49945115406240004], [0.7182362413456335, 0.5255073459760486], [0.6964389297309765, 0.5455731848776061], [0.66930728934263, 0.5574742257685182], [0.6397814544074482, 0.5599208062045788], [0.6110610072811908, 0.5526478012329337], [0.5862582540536414, 0.5364433537945603], [0.568060957891374, 0.5130634672073151], [0.558441078193713, 0.4850417149592446], [0.558441078193713, 0.4554146887087125], [0.568060957891374, 0.4273929364606419], [0.5862582540536413, 0.4040130498733967], [0.6110610072811907, 0.38780860243502335], [0.639781454407448, 0.38053559746337823], [0.66930728934263, 0.3829821778994388], [0.6964389297309764, 0.39488321879035093], [0.7182362413456335, 0.4149490576919084], [0.7323371472530151, 0.441005249605557], [0.737213595499958, 0.4702282018339785]]",0.02544690049407733,#8da0cb
2,0.8090169943749475,-0.5877852522924731,0.271,3,"[[1.0800169943749474, -0.5877852522924731], [1.0653334668758194, -0.4997916961380039], [1.02287407242137, -0.42133360715357315], [0.9572399452261252, -0.3609131366833279], [0.875543561390104, -0.3250777802229146], [0.7866379917519454, -0.3177108546876656], [0.7001575342939927, -0.3396106807689525], [0.6254736884643717, -0.3884040725000544], [0.570679607797989, -0.45880350877942616], [0.5417130811528097, -0.5431801183263942], [0.5417130811528097, -0.632390386258552], [0.5706796077979889, -0.7167669958055201], [0.6254736884643715, -0.7871664320848917], [0.7001575342939926, -0.8359598238159937], [0.7866379917519453, -0.8578596498972807], [0.8755435613901039, -0.8504927243620317], [0.9572399452261251, -0.8146573679016185], [1.02287407242137, -0.7542368974313731], [1.0653334668758194, -0.6757788084469425], [1.0800169943749474, -0.5877852522924732]]",0.230721706072288,#e78ac3
3,0.058778525229247314,0.08090169943749476,0.1,0,"[[0.15877852522924732, 0.08090169943749476], [0.15336024939931078, 0.1133716463579631], [0.1376925761688867, 0.14232297070646155], [0.11347334104149001, 0.16461834726374763], [0.08332707394332724, 0.17784172603142778], [0.05052059068201409, 0.18056014873816173], [0.018608982763950385, 0.17247903210300053], [-0.008949631933326777, 0.15447409050480793], [-0.029168849891401588, 0.12849643874120212], [-0.03985760511102493, 0.09736115846556816], [-0.03985760511102493, 0.06444224040942137], [-0.029168849891401602, 0.0333069601337874], [-0.008949631933326832, 0.007329308370181628], [0.018608982763950323, -0.010675633228010975], [0.05052059068201404, -0.01875674986317223], [0.0833270739433272, -0.016038327156438298], [0.11347334104148998, -0.0028149483887581206], [0.13769257616888664, 0.01948042816852795], [0.15336024939931078, 0.04843175251702638], [0.15877852522924732, 0.08090169943749473]]",0.031415926535897934,#66c2a5
3,0.29389262614623657,0.4045084971874737,0.11,1,"[[0.40389262614623656, 0.4045084971874737], [0.39793252273330637, 0.4402254387999889], [0.38069808217983986, 0.4720718955833372], [0.3540569235397035, 0.49659680979635185], [0.3208960297317245, 0.5111425264408], [0.28480889814428, 0.5141327914182074], [0.24970612943440995, 0.50524356311953], [0.21939165326740506, 0.48543812736151826], [0.19715051351352278, 0.45686271042155185], [0.1853928827719371, 0.4226139021183545], [0.1853928827719371, 0.38640309225659303], [0.19715051351352275, 0.35215428395339565], [0.219391653267405, 0.3235788670134293], [0.2497061294344099, 0.30377343125541745], [0.28480889814427995, 0.29488420295674006], [0.32089602973172443, 0.2978744679341474], [0.35405692353970347, 0.31242018457859555], [0.38069808217983986, 0.3369450987916102], [0.39793252273330637, 0.3687915555749585], [0.40389262614623656, 0.4045084971874737]]",0.0380132711084365,#fc8d62
3,0.4702282018339785,0.647213595499958,0.11,2,"[[0.5802282018339785, 0.647213595499958], [0.5742680984210483, 0.6829305371124732], [0.5570336578675819, 0.7147769938958215], [0.5303924992274455, 0.7393019081088362], [0.4972316054194664, 0.7538476247532844], [0.46114447383202195, 0.7568378897306918], [0.4260417051221519, 0.7479486614320143], [0.395727228955147, 0.7281432256740026], [0.3734860892012647, 0.6995678087340361], [0.36172845845967905, 0.6653190004308388], [0.36172845845967905, 0.6291081905690773], [0.3734860892012647, 0.59485938226588], [0.39572722895514695, 0.5662839653259136], [0.42604170512215184, 0.5464785295679018], [0.4611444738320219, 0.5375893012692243], [0.49723160541946637, 0.5405795662466317], [0.5303924992274455, 0.5551252828910799], [0.5570336578675817, 0.5796501971040946], [0.5742680984210483, 0.6114966538874428], [0.5802282018339785, 0.647213595499958]]",0.0380132711084365,#8da0cb
3,0.5877852522924731,-0.8090169943749475,0.2565,3,"[[0.8442852522924731, -0.8090169943749475], [0.830387374788686, -0.7257315805239462], [0.7901997929526481, -0.6514714335700477], [0.7280774548508757, -0.5942837927006088], [0.6507522797440881, -0.5603658261615092], [0.5666036501788199, -0.5533930719187367], [0.4847503758689865, -0.5741211360879253], [0.4140625291704706, -0.6203038112872892], [0.3622002351080087, -0.6869364880609381], [0.33478357796967484, -0.7667984819679392], [0.33478357796967484, -0.8512355067819557], [0.3622002351080087, -0.9310975006889568], [0.4140625291704705, -0.9977301774626056], [0.4847503758689864, -1.0439128526619696], [0.5666036501788198, -1.0646409168311584], [0.650752279744088, -1.0576681625883857], [0.7280774548508755, -1.023750196049286], [0.7901997929526481, -0.9665625551798473], [0.830387374788686, -0.8923024082259489], [0.8442852522924731, -0.8090169943749476]]",0.20669244926314306,#e78ac3
4,0.030901699437494747,0.09510565162951536,0.1,0,"[[0.13090169943749475, 0.09510565162951536], [0.1254834236075582, 0.1275755985499837], [0.10981575037713412, 0.15652692289848213], [0.08559651524973745, 0.17882229945576822], [0.05545024815157467, 0.1920456782234484], [0.02264376489026152, 0.19476410093018234], [-0.009267843027802182, 0.18668298429502111], [-0.036826457725079344, 0.16867804269682854], [-0.057045675683154155, 0.14270039093322273], [-0.0677344309027775, 0.11156511065758876], [-0.0677344309027775, 0.07864619260144198], [-0.05704567568315417, 0.047510912325808], [-0.0368264577250794, 0.021533260562202228], [-0.009267843027802244, 0.0035283189640096246], [0.022643764890261472, -0.004552797671151632], [0.05545024815157463, -0.0018343749644176982], [0.08559651524973741, 0.011389003803262479], [0.10981575037713409, 0.03368438036054855], [0.1254834236075582, 0.06263570470904697], [0.13090169943749475, 0.09510565162951533]]",0.031415926535897934,#66c2a5
4,0.15450849718747373,0.47552825814757677,0.13,1,"[[0.28450849718747373, 0.47552825814757677], [0.27746473860855625, 0.5177391891441856], [0.2570967634090049, 0.5553759107972336], [0.22561175774338924, 0.5843599003217055], [0.18642161051577763, 0.6015502927196897], [0.14377318227607053, 0.6050842422384438], [0.10228809198258772, 0.5945787906127342], [0.06646189287612742, 0.5711723665350839], [0.04017690953063016, 0.5374014192423964], [0.026281527745119826, 0.4969255548840722], [0.026281527745119798, 0.4541309614110814], [0.04017690953063015, 0.4136550970527572], [0.06646189287612733, 0.3798841497600697], [0.10228809198258765, 0.3564777256824193], [0.14377318227607047, 0.3459722740567097], [0.18642161051577757, 0.3495062235754638], [0.22561175774338918, 0.36669661597344805], [0.2570967634090049, 0.39568060549791995], [0.27746473860855625, 0.4333173271509679], [0.28450849718747373, 0.4755282581475767]]",0.05309291584566751,#fc8d62
4,0.24721359549995797,0.7608452130361228,0.13,2,"[[0.377213595499958, 0.7608452130361228], [0.3701698369210405, 0.8030561440327317], [0.34980186172148914, 0.8406928656857797], [0.31831685605587345, 0.8696768552102516], [0.27912670882826185, 0.8868672476082358], [0.23647828058855477, 0.89040119712699], [0.19499319029507195, 0.8798957455012804], [0.15916699118861166, 0.85648932142363], [0.1328820078431144, 0.8227183741309424], [0.11898662605760407, 0.7822425097726182], [0.11898662605760404, 0.7394479162996275], [0.13288200784311438, 0.6989720519413033], [0.15916699118861158, 0.6652011046486158], [0.1949931902950719, 0.6417946805709653], [0.23647828058855472, 0.6312892289452557], [0.2791267088282618, 0.6348231784640099], [0.31831685605587345, 0.6520135708619941], [0.3498018617214891, 0.680997560386466], [0.3701698369210405, 0.718634282039514], [0.377213595499958, 0.7608452130361228]]",0.05309291584566751,#8da0cb
4,0.30901699437494745,-0.9510565162951535,0.242,3,"[[0.5510169943749474, -0.9510565162951535], [0.537904766866501, -0.8724792447476202], [0.4999889976488747, -0.8024170398242539], [0.4413784486405748, -0.7484622285556216], [0.3684244822630209, -0.7164616519378356], [0.28903279277064303, -0.7098830689875395], [0.2118067016089289, -0.7294393712446297], [0.14511485404151817, -0.7730113299122556], [0.09618434658297711, -0.8358772471801817], [0.07031755895148867, -0.9112246254472159], [0.07031755895148864, -0.9908884071430911], [0.09618434658297711, -1.0662357854101252], [0.14511485404151803, -1.1291017026780512], [0.21180670160892873, -1.1726736613456774], [0.2890327927706429, -1.1922299636027676], [0.36842448226302077, -1.1856513806524716], [0.4413784486405747, -1.1536508040346856], [0.4999889976488746, -1.0996959927660532], [0.537904766866501, -1.029633787842687], [0.5510169943749474, -0.9510565162951536]]",0.18398423216483265,#e78ac3
5,6.123233995736766e-18,0.1,0.1,0,"[[0.1, 0.1], [0.09458172417006347, 0.13246994692046835], [0.07891405093963937, 0.1614212712689668], [0.05469481581224271, 0.18371664782625285], [0.02454854871407993, 0.19694002659393306], [-0.00825793454723322, 0.199658449300667], [-0.04016954246529692, 0.19157733266550575], [-0.06772815716257409, 0.1735723910673132], [-0.0879473751206489, 0.14759473930370737], [-0.09863613034027224, 0.1164594590280734], [-0.09863613034027224, 0.08354054097192662], [-0.08794737512064892, 0.05240526069629265], [-0.06772815716257415, 0.026427608932686877], [-0.040169542465296984, 0.008422667334494274], [-0.008257934547233267, 0.00034155069933301807], [0.02454854871407989, 0.0030599734060669515], [0.05469481581224267, 0.01628335217374713], [0.07891405093963934, 0.0385787287310332], [0.09458172417006347, 0.06753005307953164], [0.1, 0.09999999999999998]]",0.031415926535897934,#66c2a5
5,3.061616997868383e-17,0.5,0.15000000000000002,1,"[[0.15000000000000005, 0.5], [0.14187258625509525, 0.5487049203807025], [0.11837107640945908, 0.5921319069034502], [0.08204222371836409, 0.6255749717393793], [0.03682282307111992, 0.6454100398908995], [-0.01238690182084981, 0.6494876739510005], [-0.06025431369794537, 0.6373659989982586], [-0.10159223574386111, 0.6103585866009698], [-0.13192106268097334, 0.571392108955561], [-0.14795419551040834, 0.5246891885421101], [-0.14795419551040837, 0.47531081145788995], [-0.13192106268097337, 0.42860789104443897], [-0.1015922357438612, 0.3896414133990303], [-0.06025431369794546, 0.36263400100174137], [-0.012386901820849882, 0.3505123260489995], [0.03682282307111985, 0.3545899601091004], [0.08204222371836403, 0.37442502826062063], [0.11837107640945904, 0.4078680930965498], [0.14187258625509525, 0.45129507961929743], [0.15000000000000005, 0.49999999999999994]]",0.07068583470577036,#fc8d62
5,4.898587196589413e-17,0.8,0.15000000000000002,2,"[[0.15000000000000008, 0.8], [0.14187258625509527, 0.8487049203807026], [0.11837107640945911, 0.8921319069034502], [0.08204222371836412, 0.9255749717393793], [0.03682282307111994, 0.9454100398908996], [-0.012386901820849793, 0.9494876739510005], [-0.06025431369794535, 0.9373659989982587], [-0.10159223574386109, 0.9103585866009698], [-0.1319210626809733, 0.8713921089555611], [-0.1479541955104083, 0.8246891885421102], [-0.14795419551040834, 0.7753108114578899], [-0.13192106268097334, 0.728607891044439], [-0.10159223574386117, 0.6896414133990303], [-0.06025431369794544, 0.6626340010017414], [-0.012386901820849864, 0.6505123260489996], [0.03682282307111987, 0.6545899601091004], [0.08204222371836406, 0.6744250282606207], [0.11837107640945907, 0.7078680930965499], [0.14187258625509527, 0.7512950796192974], [0.15000000000000008, 0.8]]",0.07068583470577036,#8da0cb
5,6.123233995736766e-17,-1.0,0.22749999999999998,3,"[[0.22750000000000004, -1.0], [0.21517342248689442, -0.9261308707559345], [0.17952946588767957, -0.8602666078631006], [0.12443070597285219, -0.8095446261952748], [0.05584794832453188, -0.7794614394988024], [-0.01878680109495553, -0.7732770278409826], [-0.09138570910855044, -0.7916615681859744], [-0.15408155754485597, -0.8326228103218625], [-0.20008027839947617, -0.8917219680840658], [-0.22439719652411924, -0.9625547307111331], [-0.22439719652411927, -1.037445269288867], [-0.2000802783994762, -1.1082780319159342], [-0.1540815575448561, -1.1673771896781373], [-0.09138570910855058, -1.2083384318140256], [-0.018786801094955636, -1.2267229721590174], [0.055847948324531785, -1.2205385605011976], [0.1244307059728521, -1.1904553738047252], [0.17952946588767954, -1.1397333921368995], [0.21517342248689442, -1.0738691292440656], [0.22750000000000004, -1.0]]",0.1625970547773567,#e78ac3
6,-0.030901699437494736,0.09510565162951537,0.1,0,"[[0.06909830056250527, 0.09510565162951537], [0.06368002473256873, 0.1275755985499837], [0.048012351502144626, 0.15652692289848216], [0.02379311637474797, 0.17882229945576822], [-0.0063531507234148125, 0.19204567822344842], [-0.039159633984727965, 0.19476410093018237], [-0.07107124190279167, 0.18668298429502111], [-0.09862985660006883, 0.16867804269682857], [-0.11884907455814364, 0.14270039093322273], [-0.12953782977776698, 0.11156511065758877], [-0.12953782977776698, 0.07864619260144198], [-0.11884907455814366, 0.047510912325808015], [-0.09862985660006889, 0.02153326056220224], [-0.07107124190279172, 0.0035283189640096385], [-0.03915963398472801, -0.004552797671151618], [-0.006353150723414854, -0.0018343749644176843], [0.023793116374747927, 0.011389003803262493], [0.0480123515021446, 0.03368438036054856], [0.06368002473256873, 0.062635704709047], [0.06909830056250527, 0.09510565162951534]]",0.031415926535897934,#66c2a5
6,-0.15450849718747367,0.4755282581475768,0.16999999999999998,1,"[[0.015491502812526314, 0.4755282581475768], [0.006280433901634214, 0.530727167912373], [-0.02035461059008678, 0.5799444193048203], [-0.06152731030666109, 0.6178465594522067], [-0.1127759643735378, 0.640326303357263], [-0.16854698591777015, 0.6449476219587107], [-0.22279671937847845, 0.6312097236789366], [-0.2696463643638496, 0.6006013229620092], [-0.30401903489257676, 0.5564393149638793], [-0.32218991876593644, 0.5035093384953016], [-0.3221899187659365, 0.4475471777998521], [-0.3040190348925768, 0.3946172013312743], [-0.2696463643638497, 0.3504551933331445], [-0.22279671937847856, 0.31984679261621707], [-0.16854698591777023, 0.30610889433644295], [-0.11277596437353787, 0.31073021293789066], [-0.061527310306661157, 0.33320995684294696], [-0.020354610590086808, 0.37111209699033326], [0.006280433901634214, 0.4203293483827806], [0.015491502812526314, 0.47552825814757677]]",0.090792027688745,#fc8d62
6,-0.2472135954999579,0.760845213036123,0.16999999999999998,2,"[[-0.0772135954999579, 0.760845213036123], [-0.08642466441085, 0.8160441228009191], [-0.113059708902571, 0.8652613741933665], [-0.1542324086191453, 0.9031635143407528], [-0.205481062686022, 0.9256432582458092], [-0.26125208423025437, 0.9302645768472568], [-0.31550181769096264, 0.9165266785674827], [-0.36235146267633384, 0.8859182778505553], [-0.396724133205061, 0.8417562698524255], [-0.4148950170784207, 0.7888262933838477], [-0.4148950170784207, 0.7328641326883982], [-0.39672413320506106, 0.6799341562198205], [-0.3623514626763339, 0.6357721482216907], [-0.31550181769096275, 0.6051637475047632], [-0.2612520842302545, 0.5914258492249891], [-0.2054810626860221, 0.5960471678264367], [-0.1542324086191454, 0.6185269117314931], [-0.11305970890257103, 0.6564290518788793], [-0.08642466441085, 0.7056463032713267], [-0.0772135954999579, 0.760845213036123]]",0.090792027688745,#8da0cb
6,-0.30901699437494734,-0.9510565162951536,0.213,3,"[[-0.09601699437494735, -0.9510565162951536], [-0.10755792189271215, -0.8818955293545561], [-0.1409300658735155, -0.8202292084922544], [-0.19251703669487039, -0.7727400564252351], [-0.2567285856139571, -0.7445742596500763], [-0.3266063949605541, -0.738784019284733], [-0.3945781198260298, -0.7559967977176264], [-0.45327796913123014, -0.7943473233217766], [-0.4963449033819295, -0.849679721578257], [-0.5191119519997272, -0.9159978685653573], [-0.5191119519997272, -0.9861151640249499], [-0.4963449033819295, -1.0524333110120503], [-0.45327796913123025, -1.1077657092685307], [-0.3945781198260299, -1.1461162348726808], [-0.3266063949605542, -1.1633290133055743], [-0.25672858561395717, -1.157538772940231], [-0.19251703669487047, -1.1293729761650724], [-0.14093006587351556, -1.0818838240980528], [-0.10755792189271215, -1.0202175032357512], [-0.09601699437494735, -0.9510565162951536]]",0.14253091710071533,#e78ac3
7,-0.05877852522924731,0.08090169943749476,0.1,0,"[[0.0412214747707527, 0.08090169943749476], [0.03580319894081616, 0.1133716463579631], [0.02013552571039206, 0.14232297070646155], [-0.004083709417004602, 0.16461834726374763], [-0.03422997651516738, 0.17784172603142778], [-0.06703645977648054, 0.18056014873816173], [-0.09894806769454423, 0.17247903210300053], [-0.1265066823918214, 0.15447409050480793], [-0.14672590034989622, 0.12849643874120212], [-0.15741465556951956, 0.09736115846556816], [-0.15741465556951956, 0.06444224040942137], [-0.14672590034989622, 0.0333069601337874], [-0.12650668239182145, 0.007329308370181628], [-0.0989480676945443, -0.010675633228010975], [-0.06703645977648058, -0.01875674986317223], [-0.034229976515167425, -0.016038327156438298], [-0.004083709417004644, -0.0028149483887581206], [0.02013552571039203, 0.01948042816852795], [0.03580319894081616, 0.04843175251702638], [0.0412214747707527, 0.08090169943749473]]",0.031415926535897934,#66c2a5
7,-0.2938926261462365,0.4045084971874737,0.19,1,"[[-0.10389262614623651, 0.4045084971874737], [-0.11418735022311594, 0.4662013963363636], [-0.14395592936092172, 0.5212089125985107], [-0.18997247610297538, 0.5635701280573542], [-0.24725038358948465, 0.5886945477159465], [-0.30958270178597963, 0.593859550858741], [-0.3702147568303007, 0.5785054292519347], [-0.4225761247551273, 0.5442960402153687], [-0.46099263887546943, 0.4949385018645177], [-0.4813012737927538, 0.4357814693408132], [-0.4813012737927538, 0.3732355250341343], [-0.46099263887546943, 0.31407849251042974], [-0.4225761247551274, 0.26472095415957875], [-0.3702147568303008, 0.23051156512301285], [-0.30958270178597974, 0.21515744351620644], [-0.24725038358948476, 0.22032244665900094], [-0.18997247610297546, 0.24544686631759327], [-0.14395592936092177, 0.2878080817764368], [-0.11418735022311594, 0.3428155980385838], [-0.10389262614623651, 0.40450849718747367]]",0.11341149479459153,#fc8d62
7,-0.47022820183397845,0.647213595499958,0.19,2,"[[-0.28022820183397845, 0.647213595499958], [-0.2905229259108579, 0.7089064946488479], [-0.32029150504866366, 0.763914010910995], [-0.36630805179071735, 0.8062752263698385], [-0.4235859592772266, 0.8313996460284309], [-0.48591827747372157, 0.8365646491712253], [-0.5465503325180426, 0.821210527564419], [-0.5989117004428692, 0.787001138527853], [-0.6373282145632113, 0.737643600177002], [-0.6576368494804957, 0.6784865676532975], [-0.6576368494804957, 0.6159406233466186], [-0.6373282145632113, 0.5567835908229141], [-0.5989117004428693, 0.5074260524720631], [-0.5465503325180427, 0.4732166634354972], [-0.4859182774737217, 0.4578625418286908], [-0.4235859592772267, 0.46302754497148524], [-0.3663080517907174, 0.4881519646300776], [-0.3202915050486637, 0.5305131800889211], [-0.2905229259108579, 0.5855206963510682], [-0.28022820183397845, 0.647213595499958]]",0.11341149479459153,#8da0cb
7,-0.587785252292473,-0.8090169943749475,0.1985,3,"[[-0.389285252292473, -0.8090169943749475], [-0.400040529814897, -0.7445641497378178], [-0.4311408611772889, -0.6870957709060483], [-0.4792160429051713, -0.6428394484398355], [-0.5390563830950243, -0.6165910415859903], [-0.604177252368731, -0.6111949725131235], [-0.6675217940860875, -0.6272359890339185], [-0.7222256442601827, -0.6629757981063308], [-0.762360791906961, -0.7145414368570884], [-0.7835779710179134, -0.7763449682042217], [-0.7835779710179134, -0.8416890205456731], [-0.7623607919069612, -0.9034925518928065], [-0.7222256442601827, -0.955058190643564], [-0.6675217940860876, -0.9907979997159764], [-0.6041772523687311, -1.0068390162367715], [-0.5390563830950245, -1.0014429471639046], [-0.47921604290517134, -0.9751945403100595], [-0.43114086117728895, -0.9309382178438466], [-0.400040529814897, -0.8734698390120772], [-0.389285252292473, -0.8090169943749475]]",0.12378581913490845,#e78ac3
8,-0.08090169943749474,0.05877852522924733,0.1,0,"[[0.019098300562505263, 0.05877852522924733], [0.013680024732568727, 0.09124847214971568], [-0.0019876484978553766, 0.1201997964982141], [-0.026206883625252038, 0.1424951730555002], [-0.05635315072341482, 0.15571855182318037], [-0.08915963398472797, 0.15843697452991432], [-0.12107124190279167, 0.1503558578947531], [-0.14862985660006883, 0.1323509162965605], [-0.16884907455814363, 0.1063732645329547], [-0.179537829777767, 0.07523798425732073], [-0.179537829777767, 0.04231906620117395], [-0.16884907455814366, 0.011183785925539973], [-0.1486298566000689, -0.0147938658380658], [-0.12107124190279173, -0.032798807436258404], [-0.08915963398472801, -0.04087992407141966], [-0.05635315072341486, -0.038161501364685727], [-0.02620688362525208, -0.02493812259700555], [-0.0019876484978554043, -0.002642746039719479], [0.013680024732568727, 0.026308578308778953], [0.019098300562505263, 0.0587785252292473]]",0.031415926535897934,#66c2a5
8,-0.40450849718747367,0.2938926261462366,0.21000000000000002,1,"[[-0.19450849718747365, 0.2938926261462366], [-0.20588687643034037, 0.36207951467922017], [-0.238788990214231, 0.42287729581106687], [-0.289649383981764, 0.4696975865813676], [-0.35295654488790584, 0.49746668199349603], [-0.42185015973666345, 0.5031753696776373], [-0.4888645363645972, 0.48620502474379873], [-0.5467376272288793, 0.4483946473875943], [-0.5891979849408364, 0.3938415786840221], [-0.6116443709020454, 0.32845749010519076], [-0.6116443709020454, 0.25932776218728254], [-0.5891979849408364, 0.19394367360845116], [-0.5467376272288794, 0.13939060490487903], [-0.48886453636459737, 0.10158022754867457], [-0.42185015973666357, 0.08460988261483593], [-0.3529565448879059, 0.09031857029897719], [-0.2896493839817641, 0.11808766571110557], [-0.23878899021423106, 0.16490795648140633], [-0.20588687643034037, 0.22570573761325302], [-0.19450849718747365, 0.29389262614623657]]",0.1385442360233099,#fc8d62
8,-0.6472135954999579,0.4702282018339786,0.21000000000000002,2,"[[-0.4372135954999579, 0.4702282018339786], [-0.44859197474282464, 0.5384150903669621], [-0.48149408852671527, 0.5992128714988089], [-0.5323544822942483, 0.6460331622691097], [-0.5956616432003901, 0.673802257681238], [-0.6645552580491477, 0.6795109453653794], [-0.7315696346770815, 0.6625406004315407], [-0.7894427255413635, 0.6247302230753363], [-0.8319030832533206, 0.5701771543717641], [-0.8543494692145297, 0.5047930657929328], [-0.8543494692145297, 0.43566333787502454], [-0.8319030832533206, 0.37027924929619316], [-0.7894427255413636, 0.31572618059262103], [-0.7315696346770816, 0.27791580323641657], [-0.6645552580491478, 0.2609454583025779], [-0.5956616432003902, 0.2666541459867192], [-0.5323544822942483, 0.29442324139884757], [-0.4814940885267153, 0.3412435321691483], [-0.44859197474282464, 0.402041313300995], [-0.4372135954999579, 0.47022820183397857]]",0.1385442360233099,#8da0cb
8,-0.8090169943749473,-0.5877852522924732,0.184,3,"[[-0.6250169943749473, -0.5877852522924732], [-0.6349866219020306, -0.5280405499588114], [-0.6638151406460109, -0.4747701131575744], [-0.7083785332804208, -0.43374662029216804], [-0.7638476647410403, -0.40941560335963645], [-0.8242115939418565, -0.404413705579246], [-0.8829289525110937, -0.41928296018794264], [-0.9336368035540836, -0.452412052728617], [-0.9708401645969413, -0.5002109319736517], [-0.9905074742010482, -0.5574998476808182], [-0.9905074742010482, -0.6180706569041282], [-0.9708401645969413, -0.6753595726112948], [-0.9336368035540837, -0.7231584518563294], [-0.8829289525110938, -0.7562875443970039], [-0.8242115939418566, -0.7711567990057004], [-0.7638476647410404, -0.76615490122531], [-0.7083785332804209, -0.7418238842927786], [-0.663815140646011, -0.7008003914273722], [-0.6349866219020306, -0.647529954626135], [-0.6250169943749473, -0.5877852522924732]]",0.10636176087993603,#e78ac3
9,-0.09510565162951536,0.030901699437494753,0.1,0,"[[0.00489434837048465, 0.030901699437494753], [-0.0005239274594518867, 0.06337164635796311], [-0.01619160068987599, 0.09232297070646153], [-0.04041083581727265, 0.11461834726374762], [-0.07055710291543543, 0.1278417260314278], [-0.10336358617674858, 0.13056014873816174], [-0.13527519409481228, 0.12247903210300051], [-0.16283380879208945, 0.10447409050480794], [-0.18305302675016427, 0.07849643874120213], [-0.19374178196978759, 0.047361158465568154], [-0.19374178196978759, 0.014442240409421374], [-0.18305302675016427, -0.0166930398662126], [-0.1628338087920895, -0.042670691629818375], [-0.13527519409481234, -0.06067563322801098], [-0.10336358617674862, -0.06875674986317223], [-0.07055710291543547, -0.0660383271564383], [-0.04041083581727269, -0.05281494838875812], [-0.016191600689876018, -0.030519571831472053], [-0.0005239274594518867, -0.0015682474829736212], [0.00489434837048465, 0.03090169943749473]]",0.031415926535897934,#66c2a5
9,-0.47552825814757677,0.15450849718747375,0.23000000000000004,1,"[[-0.24552825814757673, 0.15450849718747375], [-0.2579902925564308, 0.22918937510455095], [-0.2940259409864062, 0.2957774211060974], [-0.3497301817794185, 0.3470567871878554], [-0.4190665961051929, 0.3774705583535198], [-0.49452150760621316, 0.38372293057900786], [-0.5679182058177598, 0.365136362318137], [-0.6313030196214972, 0.3237249966422941], [-0.6778072209250693, 0.2639763975860007], [-0.7023913579302029, 0.1923652529520426], [-0.702391357930203, 0.11665174142290498], [-0.6778072209250693, 0.04504059678894683], [-0.6313030196214973, -0.014708002267346476], [-0.5679182058177599, -0.05611936794318945], [-0.4945215076062133, -0.07470593620406035], [-0.41906659610519303, -0.0684535639785723], [-0.3497301817794186, -0.0380397928129079], [-0.2940259409864063, 0.013239573268850086], [-0.2579902925564308, 0.07982761927039649], [-0.24552825814757673, 0.1545084971874737]]",0.1661902513749001,#fc8d62
9,-0.7608452130361228,0.24721359549995803,0.23000000000000004,2,"[[-0.5308452130361228, 0.24721359549995803], [-0.5433072474449768, 0.32189447341703525], [-0.5793428958749522, 0.38848251941858164], [-0.6350471366679646, 0.4397618855003396], [-0.7043835509937391, 0.470175656666004], [-0.7798384624947593, 0.47642802889149216], [-0.8532351607063058, 0.45784146063062126], [-0.9166199745100433, 0.41643009495477834], [-0.9631241758136153, 0.35668149589848497], [-0.987708312818749, 0.28507035126452684], [-0.987708312818749, 0.20935683973538927], [-0.9631241758136153, 0.1377456951014311], [-0.9166199745100434, 0.0779970960451378], [-0.8532351607063059, 0.03658573036929483], [-0.7798384624947594, 0.01799916210842392], [-0.7043835509937391, 0.024251534333911973], [-0.6350471366679648, 0.05466530549957638], [-0.5793428958749524, 0.10594467158133436], [-0.5433072474449768, 0.17253271758288075], [-0.5308452130361228, 0.24721359549995797]]",0.1661902513749001,#8da0cb
9,-0.9510565162951535,-0.3090169943749475,0.16949999999999998,3,"[[-0.7815565162951535, -0.3090169943749475], [-0.790740493826896, -0.25398043434475365], [-0.8172971999524649, -0.20490793957404882], [-0.8583488034934021, -0.16711727630944892], [-0.9094467262247881, -0.144703649298231], [-0.9650537153527139, -0.140095922810317], [-1.0191438907738317, -0.15379341550691528], [-1.0658557426857167, -0.1843117915158517], [-1.1001273171246533, -0.2283439112551635], [-1.118244757221915, -0.2811182113223631], [-1.118244757221915, -0.33691577742753187], [-1.1001273171246535, -0.38969007749473145], [-1.0658557426857167, -0.43372219723404326], [-1.019143890773832, -0.46424057324297974], [-0.9650537153527139, -0.477938065939578], [-0.9094467262247882, -0.47333033945166403], [-0.8583488034934023, -0.4509167124404461], [-0.8172971999524649, -0.4131260491758462], [-0.790740493826896, -0.3640535544051414], [-0.7815565162951535, -0.30901699437494756]]",0.09025874233579814,#e78ac3
10,-0.1,1.2246467991473533e-17,0.1,0,"[[0.0, 1.2246467991473533e-17], [-0.005418275829936536, 0.03246994692046836], [-0.02108594906036064, 0.0614212712689668], [-0.0453051841877573, 0.08371664782625288], [-0.07545145128592008, 0.09694002659393305], [-0.10825793454723323, 0.099658449300667], [-0.14016954246529695, 0.09157733266550577], [-0.1677281571625741, 0.0735723910673132], [-0.1879473751206489, 0.04759473930370738], [-0.19863613034027225, 0.016459459028073418], [-0.19863613034027225, -0.016459459028073366], [-0.1879473751206489, -0.04759473930370734], [-0.16772815716257417, -0.07357239106731311], [-0.140169542465297, -0.09157733266550572], [-0.10825793454723329, -0.09965844930066697], [-0.07545145128592012, -0.09694002659393304], [-0.04530518418775734, -0.08371664782625286], [-0.021085949060360668, -0.06142127126896679], [-0.005418275829936536, -0.03246994692046836], [0.0, -1.2246467991473533e-17]]",0.031415926535897934,#66c2a5
10,-0.515,6.306931015608869e-17,0.25,1,"[[-0.265, 6.306931015608869e-17], [-0.2785456895748414, 0.08117486730117093], [-0.3177148726509016, 0.153553178172417], [-0.37826296046939323, 0.2092916195656322], [-0.4536286282148002, 0.24235006648483265], [-0.5356448363680831, 0.24914612325166752], [-0.6154238561632424, 0.22894333166376443], [-0.6843203929064352, 0.183930977668283], [-0.7348684378016223, 0.11898684825926849], [-0.7615903258506806, 0.04114864757018357], [-0.7615903258506806, -0.04114864757018338], [-0.7348684378016223, -0.11898684825926831], [-0.6843203929064354, -0.18393097766828276], [-0.6154238561632425, -0.22894333166376427], [-0.5356448363680832, -0.2491461232516674], [-0.4536286282148003, -0.24235006648483257], [-0.37826296046939334, -0.20929161956563214], [-0.3177148726509017, -0.15355317817241695], [-0.2785456895748414, -0.08117486730117086], [-0.265, 1.8369701987210257e-18]]",0.19634954084936207,#fc8d62
10,-0.8,9.797174393178826e-17,0.25,2,"[[-0.55, 9.797174393178826e-17], [-0.5635456895748414, 0.08117486730117096], [-0.6027148726509016, 0.15355317817241707], [-0.6632629604693933, 0.20929161956563225], [-0.7386286282148002, 0.2423500664848327], [-0.8206448363680832, 0.24914612325166757], [-0.9004238561632424, 0.2289433316637645], [-0.9693203929064352, 0.18393097766828306], [-1.0198684378016223, 0.11898684825926852], [-1.0465903258506806, 0.041148647570183605], [-1.0465903258506806, -0.04114864757018335], [-1.0198684378016223, -0.11898684825926828], [-0.9693203929064353, -0.1839309776682827], [-0.9004238561632425, -0.2289433316637642], [-0.8206448363680833, -0.24914612325166735], [-0.7386286282148004, -0.2423500664848325], [-0.6632629604693934, -0.20929161956563208], [-0.6027148726509017, -0.1535531781724169], [-0.5635456895748414, -0.08117486730117084], [-0.55, 3.67394039744206e-17]]",0.19634954084936207,#8da0cb
10,-1.0,-1.2246467991473532e-16,0.155,3,"[[-0.845, -1.2246467991473532e-16], [-0.8533983275364017, 0.05032841772672581], [-0.877683221043559, 0.09520297046689839], [-0.9152230354910238, 0.12976080413069183], [-0.9619497494931761, 0.1502570412205961], [-1.0127997985482116, 0.15447059641603372], [-1.0622627908212103, 0.1419448656315338], [-1.10497864360199, 0.11403720615433531], [-1.1363184314370058, 0.07377184592074629], [-1.1528860020274219, 0.025512161493513652], [-1.1528860020274219, -0.025512161493513857], [-1.1363184314370058, -0.07377184592074652], [-1.10497864360199, -0.11403720615433546], [-1.0622627908212103, -0.141944865631534], [-1.0127997985482116, -0.15447059641603395], [-0.9619497494931761, -0.15025704122059633], [-0.9152230354910239, -0.12976080413069208], [-0.877683221043559, -0.09520297046689867], [-0.8533983275364017, -0.0503284177267261], [-0.845, -1.6042873068830328e-16]]",0.07547676350249478,#e78ac3
11,-0.09510565162951538,-0.03090169943749469,0.1,0,"[[0.004894348370484622, -0.03090169943749469], [-0.0005239274594519144, 0.001568247482973656], [-0.016191600689876018, 0.030519571831472095], [-0.04041083581727268, 0.05281494838875817], [-0.07055710291543546, 0.06603832715643834], [-0.10336358617674861, 0.06875674986317229], [-0.1352751940948123, 0.06067563322801107], [-0.16283380879208947, 0.04267069162981849], [-0.18305302675016427, 0.016693039866212678], [-0.19374178196978764, -0.014442240409421287], [-0.19374178196978764, -0.04736115846556807], [-0.1830530267501643, -0.07849643874120205], [-0.16283380879208953, -0.10447409050480783], [-0.13527519409481237, -0.12247903210300043], [-0.10336358617674865, -0.13056014873816169], [-0.0705571029154355, -0.12784172603142774], [-0.04041083581727272, -0.11461834726374756], [-0.016191600689876046, -0.0923229707064615], [-0.0005239274594519144, -0.06337164635796307], [0.004894348370484622, -0.030901699437494715]]",0.031415926535897934,#66c2a5
11,-0.5040599536364315,-0.16377900701872186,0.27,1,"[[-0.2340599536364315, -0.16377900701872186], [-0.24868929837726017, -0.07611015033345732], [-0.2909920160994053, 0.0020584254074884623], [-0.3563839509433762, 0.06225594211216087], [-0.4377788721084157, 0.09795906478489738], [-0.5263563769139612, 0.10529880609307904], [-0.6125177182927333, 0.08347979117814369], [-0.6869259779753816, 0.03486644886302373], [-0.7415178664621835, -0.035273210898711965], [-0.7703775055551665, -0.11933846764292366], [-0.7703775055551666, -0.20821954639451998], [-0.7415178664621835, -0.29228480313873173], [-0.6869259779753817, -0.3624244629004673], [-0.6125177182927334, -0.4110378052155873], [-0.5263563769139614, -0.43285682013052273], [-0.4377788721084158, -0.42551707882234113], [-0.3563839509433763, -0.3898139561496047], [-0.2909920160994053, -0.32961643944493224], [-0.24868929837726017, -0.2514478637039865], [-0.2340599536364315, -0.16377900701872192]]",0.22902210444669593,#fc8d62
11,-0.7608452130361231,-0.24721359549995753,0.27,2,"[[-0.49084521303612305, -0.24721359549995753], [-0.5054745577769517, -0.159544738814693], [-0.5477772754990968, -0.0813761630737472], [-0.6131692103430677, -0.021178646369074794], [-0.6945641315081073, 0.014524476303661715], [-0.7831416363136527, 0.021864217611843373], [-0.8693029776924248, 4.5202696908025475e-05], [-0.9437112373750731, -0.048568139618211936], [-0.9983031258618751, -0.11870779937994763], [-1.027162764954858, -0.20277305612415933], [-1.0271627649548583, -0.29165413487575564], [-0.9983031258618751, -0.37571939161996737], [-0.9437112373750732, -0.445859051381703], [-0.8693029776924249, -0.494472393696823], [-0.783141636313653, -0.5162914086117585], [-0.6945641315081074, -0.5089516673035768], [-0.6131692103430679, -0.4732485446308403], [-0.5477772754990968, -0.4130510279261679], [-0.5054745577769517, -0.33488245218522217], [-0.49084521303612305, -0.24721359549995758]]",0.22902210444669593,#8da0cb
11,-0.9510565162951538,0.3090169943749469,0.14049999999999999,3,"[[-0.8105565162951538, 0.3090169943749469], [-0.8181691938362146, 0.3546372697982049], [-0.8401822747249604, 0.3953138805078452], [-0.8742103000789527, 0.42663888457083216], [-0.9165658053518715, 0.4452177317394228], [-0.9626589143340164, 0.449037115642384], [-1.007494723458896, 0.43768314676998243], [-1.0462145771085702, 0.4123862038245219], [-1.0746225783396655, 0.37588760309665575], [-1.0896402794232363, 0.33214253430939], [-1.0896402794232363, 0.2858914544405038], [-1.0746225783396655, 0.2421463856532381], [-1.0462145771085705, 0.20564778492537195], [-1.007494723458896, 0.18035084197991136], [-0.9626589143340165, 0.1689968731075098], [-0.9165658053518715, 0.17281625701047099], [-0.8742103000789528, 0.1913951041790616], [-0.8401822747249605, 0.22272010824204855], [-0.8181691938362146, 0.2633967189516888], [-0.8105565162951538, 0.30901699437494684]]",0.062015824380025904,#e78ac3
12,-0.08090169943749476,-0.05877852522924731,0.1,0,"[[0.01909830056250525, -0.05877852522924731], [0.013680024732568713, -0.02630857830877896], [-0.0019876484978553904, 0.002642746039719479], [-0.026206883625252052, 0.024938122597005556], [-0.05635315072341483, 0.03816150136468573], [-0.08915963398472798, 0.04087992407141968], [-0.12107124190279168, 0.03279880743625845], [-0.14862985660006883, 0.014793865838065877], [-0.16884907455814366, -0.011183785925539938], [-0.179537829777767, -0.0423190662011739], [-0.179537829777767, -0.07523798425732069], [-0.16884907455814369, -0.10637326453295466], [-0.1486298566000689, -0.13235091629656043], [-0.12107124190279175, -0.15035585789475303], [-0.08915963398472804, -0.1584369745299143], [-0.056353150723414874, -0.15571855182318037], [-0.026206883625252093, -0.1424951730555002], [-0.001987648497855418, -0.1201997964982141], [0.013680024732568713, -0.09124847214971568], [0.01909830056250525, -0.058778525229247335]]",0.031415926535897934,#66c2a5
12,-0.44091426193434646,-0.3203429624993978,0.29,1,"[[-0.15091426193434648, -0.3203429624993978], [-0.16662726184116244, -0.2261801164300396], [-0.21206351420939235, -0.14222127581939414], [-0.28229929607884263, -0.07756468380326456], [-0.3697234706635147, -0.03921688537699203], [-0.4648622721213228, -0.03133345952746358], [-0.5574059350837075, -0.05476869776943116], [-0.6373259177058113, -0.1069830284041896], [-0.6959616497842283, -0.18231821851864646], [-0.7269590399211359, -0.27261053131798496], [-0.726959039921136, -0.3680753936808106], [-0.6959616497842283, -0.45836770648014913], [-0.6373259177058115, -0.5337028965946058], [-0.5574059350837077, -0.5859172272293645], [-0.464862272121323, -0.609352465471332], [-0.36972347066351485, -0.6014690396218036], [-0.28229929607884274, -0.5631212411955311], [-0.2120635142093924, -0.49846464917940153], [-0.16662726184116244, -0.4145058085687561], [-0.15091426193434648, -0.32034296249939787]]",0.2642079421669016,#fc8d62
12,-0.647213595499958,-0.47022820183397845,0.29,2,"[[-0.35721359549995807, -0.47022820183397845], [-0.37292659540677403, -0.37606535576462025], [-0.41836284777500393, -0.2921065151539748], [-0.4885986296444542, -0.2274499231378452], [-0.5760228042291262, -0.18910212471157267], [-0.6711616056869344, -0.18121869886204423], [-0.7637052686493191, -0.2046539371040118], [-0.8436252512714228, -0.25686826773877025], [-0.9022609833498398, -0.33220345785322714], [-0.9332583734867475, -0.4224957706525656], [-0.9332583734867476, -0.5179606330153912], [-0.9022609833498398, -0.6082529458147298], [-0.8436252512714231, -0.6835881359291864], [-0.7637052686493193, -0.7358024665639451], [-0.6711616056869345, -0.7592377048059127], [-0.5760228042291264, -0.7513542789563843], [-0.48859862964445433, -0.7130064805301117], [-0.418362847775004, -0.6483498885139822], [-0.37292659540677403, -0.5643910479033367], [-0.35721359549995807, -0.4702282018339785]]",0.2642079421669016,#8da0cb
12,-0.8090169943749476,0.587785252292473,0.126,3,"[[-0.6830169943749476, 0.587785252292473], [-0.6898440219206676, 0.6286973854122632], [-0.709585290191002, 0.6651760540913711], [-0.7401015264515217, 0.6932682285535516], [-0.7780858229952069, 0.7099296858008286], [-0.8194219919044614, 0.7133548984113134], [-0.8596306178812216, 0.7031726914510102], [-0.8943544723997909, 0.6804864650372876], [-0.9198306870269651, 0.6477546238151443], [-0.9332985186036906, 0.6085241706678455], [-0.9332985186036906, 0.5670463339171006], [-0.9198306870269652, 0.5278158807698018], [-0.8943544723997909, 0.4950840395476585], [-0.8596306178812217, 0.4723978131339358], [-0.8194219919044615, 0.46221560617363266], [-0.7780858229952069, 0.4656408187841174], [-0.7401015264515218, 0.4823022760313944], [-0.709585290191002, 0.5103944504935749], [-0.6898440219206676, 0.5468731191726829], [-0.6830169943749476, 0.587785252292473]]",0.049875924968391556,#e78ac3
13,-0.05877852522924733,-0.08090169943749474,0.1,0,"[[0.04122147477075268, -0.08090169943749474], [0.03580319894081614, -0.048431752517026395], [0.020135525710392038, -0.019480428168527957], [-0.004083709417004623, 0.0028149483887581206], [-0.034229976515167404, 0.016038327156438298], [-0.06703645977648055, 0.018756749863172245], [-0.09894806769454426, 0.010675633228011017], [-0.12650668239182142, -0.007329308370181559], [-0.14672590034989624, -0.033306960133787374], [-0.15741465556951956, -0.06444224040942134], [-0.15741465556951956, -0.09736115846556812], [-0.14672590034989624, -0.1284964387412021], [-0.12650668239182147, -0.15447409050480787], [-0.09894806769454431, -0.17247903210300047], [-0.0670364597764806, -0.18056014873816173], [-0.034229976515167446, -0.17784172603142778], [-0.004083709417004665, -0.16461834726374763], [0.02013552571039201, -0.14232297070646155], [0.03580319894081614, -0.11337164635796312], [0.04122147477075268, -0.08090169943749477]]",0.031415926535897934,#66c2a5
13,-0.32915974128378506,-0.4530495168499706,0.31,1,"[[-0.01915974128378506, -0.4530495168499706], [-0.035956396356588316, -0.3523926813965187], [-0.08452618337090306, -0.26264357591617354], [-0.15960581226583268, -0.1935279085885867], [-0.25305924027013726, -0.15253543440877815], [-0.35475933838020807, -0.1441083240179029], [-0.45368532292620556, -0.16915978558690276], [-0.5391170284877647, -0.2249751045412997], [-0.6017966041577967, -0.3055058250084778], [-0.634931745338629, -0.40202519386294305], [-0.634931745338629, -0.504073839836998], [-0.6017966041577967, -0.6005932086914634], [-0.5391170284877649, -0.6811239291586413], [-0.4536853229262057, -0.7369392481130383], [-0.35475933838020823, -0.7619907096820382], [-0.25305924027013743, -0.753563599291163], [-0.1596058122658328, -0.7125711251113545], [-0.08452618337090312, -0.6434554577837677], [-0.035956396356588316, -0.5537063523034226], [-0.01915974128378506, -0.45304951684997063]]",0.30190705400997914,#fc8d62
13,-0.4702282018339786,-0.6472135954999579,0.31,2,"[[-0.16022820183397862, -0.6472135954999579], [-0.17702485690678188, -0.5465567600465061], [-0.22559464392109663, -0.4568076545661609], [-0.3006742728160262, -0.38769198723857407], [-0.3941277008203309, -0.3466995130587655], [-0.49582779893040163, -0.33827240266789027], [-0.5947537834763991, -0.3633238642368901], [-0.6801854890379583, -0.41913918319128707], [-0.7428650647079902, -0.4996699036584651], [-0.7760002058888225, -0.5961892725129304], [-0.7760002058888226, -0.6982379184869854], [-0.7428650647079902, -0.7947572873414508], [-0.6801854890379585, -0.8752880078086286], [-0.5947537834763993, -0.9311033267630258], [-0.49582779893040174, -0.9561547883320256], [-0.394127700820331, -0.9477276779411503], [-0.3006742728160264, -0.9067352037613419], [-0.22559464392109668, -0.8376195364337551], [-0.17702485690678188, -0.7478704309534099], [-0.16022820183397862, -0.647213595499958]]",0.30190705400997914,#8da0cb
13,-0.5877852522924732,0.8090169943749473,0.11149999999999999,3,"[[-0.47628525229247326, 0.8090169943749473], [-0.4823266298428525, 0.8452209851912695], [-0.4997960854947754, 0.8775017118398453], [-0.5268005326618226, 0.9023610567012192], [-0.5604136204762742, 0.9171051240271827], [-0.5969928493126383, 0.920136165345191], [-0.6325742921412794, 0.9111257202969862], [-0.6633021475287434, 0.8910502104150015], [-0.6858465755519968, 0.862085128698581], [-0.6977645376218767, 0.8273692911912491], [-0.6977645376218768, 0.7906646975586455], [-0.6858465755519968, 0.7559488600513137], [-0.6633021475287434, 0.7269837783348932], [-0.6325742921412794, 0.7069082684529084], [-0.5969928493126383, 0.6978978234047036], [-0.5604136204762742, 0.700928864722712], [-0.5268005326618227, 0.7156729320486754], [-0.4997960854947754, 0.7405322769100493], [-0.4823266298428525, 0.7728130035586251], [-0.47628525229247326, 0.8090169943749473]]",0.039057065267591694,#e78ac3
14,-0.030901699437494757,-0.09510565162951536,0.1,0,"[[0.06909830056250525, -0.09510565162951536], [0.06368002473256872, -0.062635704709047], [0.04801235150214461, -0.03368438036054857], [0.023793116374747948, -0.011389003803262493], [-0.006353150723414833, 0.0018343749644176843], [-0.039159633984727986, 0.004552797671151632], [-0.07107124190279168, -0.003528318964009597], [-0.09862985660006884, -0.021533260562202172], [-0.11884907455814366, -0.04751091232580799], [-0.129537829777767, -0.07864619260144196], [-0.129537829777767, -0.11156511065758873], [-0.11884907455814367, -0.1427003909332227], [-0.0986298566000689, -0.16867804269682848], [-0.07107124190279175, -0.1866829842950211], [-0.039159633984728034, -0.19476410093018234], [-0.006353150723414875, -0.19204567822344842], [0.023793116374747906, -0.17882229945576822], [0.048012351502144585, -0.15652692289848216], [0.06368002473256872, -0.12757559854998374], [0.06909830056250525, -0.09510565162951538]]",0.031415926535897934,#66c2a5
14,-0.17768477176559483,-0.5468574968697132,0.32999999999999996,1,"[[0.15231522823440513, -0.5468574968697132], [0.13443491799561458, -0.4397066720321677], [0.08273159633521504, -0.34416730168212284], [0.0028081204148060757, -0.27059255904307883], [-0.09667456100913109, -0.22695540910973422], [-0.20493595577146448, -0.2179846141775122], [-0.3102442619010747, -0.24465229907354424], [-0.4011876904020893, -0.3040686063475797], [-0.46791110966373617, -0.38979485716747886], [-0.5031840018884932, -0.492541282077071], [-0.5031840018884932, -0.6011737116623553], [-0.46791110966373617, -0.7039201365719474], [-0.40118769040208946, -0.7896463873918464], [-0.3102442619010749, -0.8490626946658821], [-0.20493595577146462, -0.8757303795619142], [-0.09667456100913124, -0.8667595846296923], [0.002808120414805909, -0.8231224346963477], [0.08273159633521493, -0.7495476920573036], [0.13443491799561458, -0.6540083217072588], [0.15231522823440513, -0.5468574968697133]]",0.34211943997592836,#fc8d62
14,-0.24721359549995806,-0.7608452130361228,0.32999999999999996,2,"[[0.0827864045000419, -0.7608452130361228], [0.06490609426125135, -0.6536943881985773], [0.013202772600851814, -0.5581550178485325], [-0.06672070331955715, -0.4845802752094885], [-0.16620338474349433, -0.4409431252761439], [-0.2744647795058277, -0.43197233034392185], [-0.3797730856354379, -0.4586400152399539], [-0.47071651413645255, -0.5180563225139894], [-0.5374399333980994, -0.6037825733338885], [-0.5727128256228564, -0.7065289982434806], [-0.5727128256228564, -0.815161427828765], [-0.5374399333980994, -0.9179078527383571], [-0.4707165141364527, -1.003634103558256], [-0.3797730856354381, -1.0630504108322918], [-0.27446477950582787, -1.089718095728324], [-0.16620338474349447, -1.080747300796102], [-0.06672070331955732, -1.0371101508627574], [0.013202772600851703, -0.9635354082237133], [0.06490609426125135, -0.8679960378736684], [0.0827864045000419, -0.760845213036123]]",0.34211943997592836,#8da0cb
14,-0.30901699437494756,0.9510565162951535,0.097,3,"[[-0.21201699437494756, 0.9510565162951535], [-0.21727272192998598, 0.9825523648080078], [-0.23247036496349738, 1.0106351494260513], [-0.25596302303707213, 1.0322616646866187], [-0.28520490212229005, 1.0450883420912687], [-0.3170271908857638, 1.0477252121168006], [-0.3479814505662856, 1.039886528980694], [-0.3747133068226444, 1.0224217356304472], [-0.394325948241977, 0.9972234134197496], [-0.40469404080501165, 0.9670221915523848], [-0.40469404080501165, 0.9350908410379224], [-0.394325948241977, 0.9048896191705574], [-0.3747133068226445, 0.8796912969598598], [-0.34798145056628565, 0.862226503609613], [-0.3170271908857638, 0.8543878204735066], [-0.2852049021222901, 0.8570246904990385], [-0.2559630230370722, 0.8698513679036882], [-0.2324703649634974, 0.8914778831642557], [-0.21727272192998598, 0.9195606677822992], [-0.21201699437494756, 0.9510565162951535]]",0.029559245277626364,#e78ac3
15,-1.8369701987210297e-17,-0.1,0.1,0,"[[0.09999999999999999, -0.1], [0.09458172417006346, -0.06753005307953167], [0.07891405093963935, -0.03857872873103322], [0.054694815812242684, -0.016283352173747143], [0.024548548714079906, -0.0030599734060669653], [-0.008257934547233246, -0.00034155069933301807], [-0.04016954246529695, -0.008422667334494247], [-0.0677281571625741, -0.026427608932686822], [-0.08794737512064892, -0.05240526069629264], [-0.09863613034027226, -0.0835405409719266], [-0.09863613034027226, -0.11645945902807339], [-0.08794737512064893, -0.14759473930370737], [-0.06772815716257416, -0.17357239106731315], [-0.04016954246529701, -0.19157733266550575], [-0.008257934547233293, -0.199658449300667], [0.024548548714079865, -0.19694002659393306], [0.05469481581224264, -0.18371664782625288], [0.07891405093963932, -0.16142127126896683], [0.09458172417006346, -0.13246994692046837], [0.09999999999999999, -0.10000000000000003]]",0.031415926535897934,#66c2a5
15,-1.0838124172454074e-16,-0.59,0.35000000000000003,1,"[[0.3499999999999999, -0.59], [0.331036034595222, -0.4763551857783608], [0.2761991782887377, -0.3750255505586162], [0.19143185534284937, -0.29699173260811496], [0.08591992049927963, -0.2507099069212343], [-0.028902770915316404, -0.24119542744766548], [-0.14059339862853937, -0.2694793356707298], [-0.23704855006900943, -0.3324966312644038], [-0.3078158129222713, -0.42341841243702416], [-0.34522645619095294, -0.5323918934017431], [-0.345226456190953, -0.6476081065982568], [-0.30781581292227134, -0.7565815875629758], [-0.23704855006900963, -0.847503368735596], [-0.1405933986285396, -0.91052066432927], [-0.02890277091531657, -0.9388045725523344], [0.08591992049927948, -0.9292900930787656], [0.1914318553428492, -0.8830082673918851], [0.2761991782887376, -0.8049744494413837], [0.331036034595222, -0.7036448142216393], [0.3499999999999999, -0.5900000000000001]]",0.38484510006474976,#fc8d62
15,-1.4695761589768238e-16,-0.8,0.35000000000000003,2,"[[0.34999999999999987, -0.8], [0.33103603459522196, -0.6863551857783609], [0.27619917828873763, -0.5850255505586163], [0.19143185534284934, -0.506991732608115], [0.08591992049927959, -0.46070990692123437], [-0.028902770915316442, -0.45119542744766555], [-0.1405933986285394, -0.47947933567072987], [-0.23704855006900946, -0.542496631264404], [-0.30781581292227134, -0.6334184124370242], [-0.345226456190953, -0.7423918934017432], [-0.34522645619095305, -0.8576081065982569], [-0.3078158129222714, -0.9665815875629757], [-0.23704855006900966, -1.057503368735596], [-0.14059339862853962, -1.1205206643292702], [-0.02890277091531661, -1.1488045725523346], [0.08591992049927943, -1.1392900930787657], [0.19143185534284918, -1.0930082673918853], [0.2761991782887375, -1.014974449441384], [0.33103603459522196, -0.9136448142216393], [0.34999999999999987, -0.8000000000000002]]",0.38484510006474976,#8da0cb
15,-1.8369701987210297e-16,1.0,0.08250000000000002,3,"[[0.08249999999999984, 1.0], [0.0780299224403022, 1.0267877062093864], [0.0651040920252023, 1.0506725487968975], [0.04512322304510006, 1.0690662344566586], [0.020252552689115758, 1.0799755219399947], [-0.006812796001467597, 1.0822182206730502], [-0.03313987253387015, 1.0755512994490424], [-0.05587572965912382, 1.0606972226305333], [-0.07255658447453553, 1.0392656599255585], [-0.08137480753072479, 1.0135790536981606], [-0.0813748075307248, 0.9864209463018394], [-0.07255658447453554, 0.9607343400744415], [-0.05587572965912386, 0.9393027773694667], [-0.0331398725338702, 0.9244487005509577], [-0.006812796001467636, 0.9177817793269497], [0.02025255268911572, 0.9200244780600052], [0.045123223045100025, 0.9309337655433414], [0.06510409202520229, 0.9493274512031024], [0.0780299224403022, 0.9732122937906136], [0.08249999999999984, 1.0]]",0.02138246499849554,#e78ac3
16,0.030901699437494726,-0.09510565162951537,0.1,0,"[[0.13090169943749475, -0.09510565162951537], [0.1254834236075582, -0.06263570470904703], [0.10981575037713409, -0.033684380360548584], [0.08559651524973744, -0.011389003803262507], [0.05545024815157465, 0.0018343749644176705], [0.0226437648902615, 0.004552797671151618], [-0.009267843027802203, -0.0035283189640096108], [-0.036826457725079365, -0.021533260562202186], [-0.057045675683154176, -0.047510912325808], [-0.06773443090277752, -0.07864619260144197], [-0.06773443090277752, -0.11156511065758876], [-0.05704567568315419, -0.14270039093322273], [-0.03682645772507942, -0.1686780426968285], [-0.009267843027802265, -0.18668298429502111], [0.02264376489026145, -0.19476410093018237], [0.05545024815157461, -0.19204567822344842], [0.08559651524973738, -0.17882229945576825], [0.10981575037713406, -0.1565269228984822], [0.1254834236075582, -0.12757559854998374], [0.13090169943749475, -0.0951056516295154]]",0.031415926535897934,#66c2a5
16,0.18695528159684308,-0.5753891923585679,0.37000000000000005,1,"[[0.5569552815968432, -0.5753891923585679], [0.5369076610260779, -0.45525038875283497], [0.4789372700735087, -0.3481304886633908], [0.3893261001021411, -0.2656375954014323], [0.27778491183893883, -0.21671109396101562], [0.15640092377208015, -0.20665292994610002], [0.03832797447524444, -0.2365530614961966], [-0.0636388999046811, -0.3031713454095091], [-0.13845000634955787, -0.3992886569348506], [-0.17799840066216424, -0.5144891939546963], [-0.1779984006621643, -0.6362891907624394], [-0.13845000634955792, -0.7514897277822852], [-0.06363889990468127, -0.8476070393076265], [0.03832797447524419, -0.9142253232209392], [0.15640092377207995, -0.9441254547710358], [0.2777849118389386, -0.9340672907561203], [0.38932610010214097, -0.8851407893157035], [0.4789372700735086, -0.8026478960537451], [0.5369076610260779, -0.6955279959643009], [0.5569552815968432, -0.575389192358568]]",0.4300840342764428,#fc8d62
16,0.2472135954999578,-0.760845213036123,0.37000000000000005,2,"[[0.6172135954999578, -0.760845213036123], [0.5971659749291927, -0.64070640943039], [0.5391955839766235, -0.5335865093409459], [0.44958441400525584, -0.45109361607898735], [0.33804322574205353, -0.4021671146385707], [0.21665923767519485, -0.3921089506236551], [0.09858628837835917, -0.42200908217375166], [-0.003380586001566377, -0.48862736608706414], [-0.07819169244644314, -0.5847446776124057], [-0.11774008675904951, -0.6999452146322513], [-0.11774008675904957, -0.8217452114399945], [-0.0781916924464432, -0.9369457484598402], [-0.0033805860015665434, -1.0330630599851816], [0.09858628837835892, -1.0996813438984943], [0.21665923767519468, -1.1295814754485909], [0.33804322574205337, -1.1195233114336753], [0.4495844140052557, -1.0705968099932586], [0.5391955839766234, -0.9881039167313002], [0.5971659749291927, -0.880984016641856], [0.6172135954999578, -0.7608452130361231]]",0.4300840342764428,#8da0cb
16,0.30901699437494723,0.9510565162951536,0.068,3,"[[0.37701699437494723, 0.9510565162951536], [0.3733325668105904, 0.9731360802010721], [0.362678549013902, 0.9928229807580511], [0.34620946912727224, 1.0079838368170055], [0.3257100075005216, 1.0169757343790282], [0.30340159888282864, 1.0188242618196073], [0.28170170549854534, 1.0133291025076976], [0.26296184750439683, 1.0010857422209267], [0.24921277929290597, 0.9834209390216746], [0.24194442574356212, 0.9622489484342436], [0.24194442574356212, 0.9398640841560637], [0.24921277929290597, 0.9186920935686327], [0.26296184750439683, 0.9010272903693807], [0.2817017054985453, 0.8887839300826097], [0.3034015988828286, 0.8832887707707001], [0.32571000750052154, 0.8851372982112792], [0.34620946912727224, 0.8941291957733016], [0.36267854901390195, 0.9092900518322562], [0.3733325668105904, 0.9289769523892352], [0.37701699437494723, 0.9510565162951536]]",0.014526724430199206,#e78ac3
17,0.05877852522924729,-0.08090169943749476,0.1,0,"[[0.1587785252292473, -0.08090169943749476], [0.15336024939931076, -0.04843175251702641], [0.13769257616888667, -0.01948042816852797], [0.11347334104149, 0.0028149483887581067], [0.08332707394332722, 0.016038327156438284], [0.05052059068201407, 0.01875674986317223], [0.018608982763950364, 0.010675633228011003], [-0.008949631933326797, -0.0073293083701815726], [-0.02916884989140161, -0.03330696013378739], [-0.03985760511102495, -0.06444224040942136], [-0.03985760511102495, -0.09736115846556814], [-0.029168849891401623, -0.12849643874120212], [-0.008949631933326853, -0.15447409050480787], [0.018608982763950302, -0.17247903210300047], [0.05052059068201402, -0.18056014873816173], [0.08332707394332717, -0.1778417260314278], [0.11347334104148996, -0.16461834726374763], [0.13769257616888664, -0.14232297070646155], [0.15336024939931076, -0.11337164635796312], [0.1587785252292473, -0.08090169943749478]]",0.031415926535897934,#66c2a5
17,0.3644268564213332,-0.5015905365124674,0.39,1,"[[0.7544268564213332, -0.5015905365124674], [0.7332955806845807, -0.3749577435226409], [0.6721916550859267, -0.262047578563497], [0.5777366380890798, -0.17509560999008128], [0.4601661964062449, -0.12352443279612857], [0.33222091168712364, -0.11292258423986617], [0.2077656408066752, -0.144438939116995], [0.10028704348729428, -0.214658211349946], [0.021432093450802492, -0.31597105322800867], [-0.020254051905728487, -0.43739864630298114], [-0.020254051905728543, -0.5657824267219536], [0.021432093450802436, -0.6872100197969261], [0.10028704348729406, -0.7885228616749886], [0.20776564080667495, -0.8587421339079397], [0.3322209116871234, -0.8902584887850686], [0.46016619640624473, -0.8796566402288064], [0.5777366380890796, -0.8280854630348536], [0.6721916550859266, -0.741133494461438], [0.7332955806845807, -0.6282233295022941], [0.7544268564213332, -0.5015905365124675]]",0.4778362426110076,#fc8d62
17,0.47022820183397834,-0.647213595499958,0.39,2,"[[0.8602282018339784, -0.647213595499958], [0.8390969260972259, -0.5205808025101315], [0.7779930004985718, -0.4076706375509876], [0.6835379835017249, -0.3207186689775719], [0.5659675418188901, -0.2691474917836192], [0.4380222570997688, -0.2585456432273568], [0.31356698621932033, -0.29006199810448563], [0.2060883888999394, -0.3602812703374366], [0.12723343886344762, -0.4615941122154993], [0.08554729350691664, -0.5830217052904718], [0.08554729350691659, -0.7114054857094443], [0.12723343886344757, -0.8328330787844167], [0.2060883888999392, -0.9341459206624793], [0.3135669862193201, -1.0043651928954305], [0.43802225709976855, -1.0358815477725594], [0.5659675418188899, -1.025279699216297], [0.6835379835017248, -0.9737085220223443], [0.7779930004985718, -0.8867565534489286], [0.8390969260972259, -0.7738463884897847], [0.8602282018339784, -0.6472135954999582]]",0.4778362426110076,#8da0cb
17,0.5877852522924729,0.8090169943749476,0.05350000000000002,3,"[[0.6412852522924729, 0.8090169943749476], [0.6383864747234569, 0.8263884159773981], [0.63000426954518, 0.8418773745038448], [0.6170469787520227, 0.8538054009619929], [0.6009187258545057, 0.8608799086027018], [0.5833672573097032, 0.8623342647508044], [0.5662945470735391, 0.8580108673509932], [0.5515506882104958, 0.8483782235959602], [0.5407334066029257, 0.8344801799024311], [0.5350149225604273, 0.8178228049549668], [0.5350149225604273, 0.8002111837949283], [0.5407334066029257, 0.7835538088474642], [0.5515506882104957, 0.7696557651539351], [0.566294547073539, 0.7600231213989019], [0.5833672573097031, 0.7556997239990907], [0.6009187258545057, 0.7571540801471933], [0.6170469787520227, 0.7642285877879023], [0.63000426954518, 0.7761566142460503], [0.6383864747234569, 0.7916455727724969], [0.6412852522924729, 0.8090169943749476]]",0.008992023572737392,#e78ac3
18,0.08090169943749474,-0.05877852522924734,0.1,0,"[[0.18090169943749473, -0.05877852522924734], [0.1754834236075582, -0.026308578308778995], [0.1598157503771341, 0.0026427460397194444], [0.13559651524973745, 0.02493812259700552], [0.10545024815157467, 0.0381615013646857], [0.07264376489026152, 0.040879924071419646], [0.040732156972197814, 0.03279880743625842], [0.013173542274920652, 0.014793865838065842], [-0.0070456756831541595, -0.011183785925539973], [-0.0177344309027775, -0.04231906620117394], [-0.0177344309027775, -0.07523798425732073], [-0.007045675683154173, -0.1063732645329547], [0.013173542274920597, -0.13235091629656048], [0.04073215697219775, -0.1503558578947531], [0.07264376489026148, -0.15843697452991434], [0.10545024815157462, -0.1557185518231804], [0.1355965152497374, -0.14249517305550022], [0.15981575037713408, -0.12019979649821415], [0.1754834236075582, -0.09124847214971571], [0.18090169943749473, -0.05877852522924737]]",0.031415926535897934,#66c2a5
18,0.5137257914280916,-0.37324363520572057,0.41000000000000003,1,"[[0.9237257914280916, -0.37324363520572057], [0.9015108605253519, -0.24011685283180034], [0.837273400280613, -0.12141642300295674], [0.7379745362582867, -0.03000537911808382], [0.6143748411558193, 0.024210473829404888], [0.47986825978443537, 0.03535600692701407], [0.3490306673203742, 0.002223428722853027], [0.23604034706153781, -0.07159683182973653], [0.1531415534334311, -0.17810520406052036], [0.10931765703297541, -0.3057598531906196], [0.10931765703297536, -0.4407274172208214], [0.15314155343343105, -0.5683820663509207], [0.2360403470615376, -0.6748904385817044], [0.3490306673203739, -0.7487106991342941], [0.4798682597844352, -0.7818432773384552], [0.6143748411558191, -0.770697744240846], [0.7379745362582866, -0.7164818912933574], [0.8372734002806129, -0.6250708474084845], [0.9015108605253519, -0.5063704175796409], [0.9237257914280916, -0.3732436352057207]]",0.5281017250684443,#fc8d62
18,0.6472135954999579,-0.47022820183397873,0.41000000000000003,2,"[[1.057213595499958, -0.47022820183397873], [1.0349986645972182, -0.3371014194600585], [0.9707612043524794, -0.2184009896312149], [0.871462340330153, -0.12698994574634198], [0.7478626452276856, -0.07277409279885327], [0.6133560638563017, -0.06162855970124409], [0.4825184713922405, -0.09476113790540514], [0.36952815113340415, -0.1685813984579947], [0.28662935750529744, -0.2750897706887785], [0.24280546110484175, -0.40274441981887776], [0.2428054611048417, -0.5377119838490796], [0.2866293575052974, -0.6653666329791789], [0.3695281511334039, -0.7718750052099626], [0.48251847139224024, -0.8456952657625523], [0.6133560638563015, -0.8788278439667134], [0.7478626452276854, -0.8676823108691043], [0.8714623403301529, -0.8134664579216155], [0.9707612043524793, -0.7220554140367427], [1.0349986645972182, -0.6033549842078991], [1.057213595499958, -0.47022820183397884]]",0.5281017250684443,#8da0cb
18,0.8090169943749473,0.5877852522924734,0.05,3,"[[0.8590169943749474, 0.5877852522924734], [0.8563078564599791, 0.6040202257527075], [0.848474019844767, 0.6184958879269568], [0.8363644022810687, 0.6296435762055997], [0.8212912687319873, 0.6362552655894399], [0.8048880271013307, 0.6376144769428068], [0.7889322231422988, 0.6335739186252263], [0.7751529157936603, 0.6245714478261299], [0.7650433068146228, 0.611582621944327], [0.7596989292048112, 0.59601498180651], [0.7596989292048112, 0.5795555227784367], [0.7650433068146228, 0.5639878826406197], [0.7751529157936603, 0.5509990567588168], [0.7889322231422988, 0.5419965859597204], [0.8048880271013307, 0.5379560276421399], [0.8212912687319873, 0.5393152389955068], [0.8363644022810687, 0.5459269283793469], [0.848474019844767, 0.55707461665799], [0.8563078564599791, 0.5715502788322392], [0.8590169943749474, 0.5877852522924734]]",0.007853981633974483,#e78ac3
19,0.09510565162951536,-0.030901699437494764,0.1,0,"[[0.19510565162951538, -0.030901699437494764], [0.18968737579957884, 0.001568247482973583], [0.17401970256915472, 0.030519571831472022], [0.14980046744175807, 0.052814948388758096], [0.11965420034359528, 0.06603832715643827], [0.08684771708228213, 0.06875674986317222], [0.05493610916421843, 0.06067563322801099], [0.027377494466941266, 0.042670691629818416], [0.007158276508866454, 0.016693039866212605], [-0.0035304787107568875, -0.01444224040942136], [-0.0035304787107568875, -0.04736115846556814], [0.00715827650886644, -0.07849643874120212], [0.02737749446694121, -0.1044740905048079], [0.054936109164218365, -0.1224790321030005], [0.08684771708228209, -0.13056014873816174], [0.11965420034359524, -0.12784172603142782], [0.149800467441758, -0.11461834726374764], [0.1740197025691547, -0.09232297070646157], [0.18968737579957884, -0.06337164635796314], [0.19510565162951538, -0.030901699437494788]]",0.031415926535897934,#66c2a5
19,0.6181867355918498,-0.20086104634371596,0.43,1,"[[1.0481867355918497, -0.20086104634371596], [1.0248881495231226, -0.06124027458570208], [0.957517154632299, 0.06325042011284118], [0.8533744435844934, 0.15912053930917133], [0.7237454950623935, 0.2159810680101961], [0.5826776170387469, 0.22767028564915207], [0.445457702991073, 0.19292148411795876], [0.3269556597927812, 0.11550023524573069], [0.2400130225730595, 0.0037963326622257043], [0.1940513751286792, -0.13008537252300034], [0.19405137512867915, -0.27163672016443147], [0.2400130225730595, -0.40551842534965754], [0.32695565979278096, -0.5172223279331624], [0.44545770299107273, -0.5946435768053906], [0.5826776170387467, -0.629392378336584], [0.7237454950623933, -0.6177031606976281], [0.8533744435844932, -0.5608426319966033], [0.9575171546322989, -0.4649725128002732], [1.0248881495231226, -0.34048181810172995], [1.0481867355918497, -0.20086104634371607]]",0.5808804816487527,#fc8d62
19,0.7608452130361228,-0.2472135954999581,0.43,2,"[[1.190845213036123, -0.2472135954999581], [1.1675466269673958, -0.10759282374194423], [1.100175632076572, 0.01689787095659903], [0.9960329210287665, 0.11276799015292918], [0.8664039725066666, 0.16962851885395394], [0.7253360944830199, 0.18131773649290991], [0.5881161804353461, 0.1465689349617166], [0.46961413723705425, 0.06914768608948854], [0.3826715000173326, -0.04255621649401645], [0.3367098525729523, -0.1764379216792425], [0.3367098525729522, -0.3179892693206736], [0.3826715000173326, -0.45187097450589975], [0.46961413723705403, -0.5635748770894046], [0.5881161804353459, -0.6409961259616327], [0.7253360944830197, -0.6757449274928261], [0.8664039725066663, -0.6640557098538702], [0.9960329210287663, -0.6071951811528454], [1.100175632076572, -0.5113250619565154], [1.1675466269673958, -0.3868343672579721], [1.190845213036123, -0.24721359549995822]]",0.5808804816487527,#8da0cb
19,0.9510565162951535,0.3090169943749476,0.05,3,"[[1.0010565162951535, 0.3090169943749476], [0.9983473783801853, 0.3252519678351818], [0.9905135417649732, 0.339727630009431], [0.9784039242012749, 0.35087531828807406], [0.9633307906521935, 0.35748700767191416], [0.9469275490215369, 0.35884621902528113], [0.930971745062505, 0.3548056607077005], [0.9171924377138665, 0.3458031899086042], [0.907082828734829, 0.3328143640268013], [0.9017384511250174, 0.31724672388898434], [0.9017384511250174, 0.30078726486091095], [0.907082828734829, 0.2852196247230939], [0.9171924377138665, 0.27223079884129103], [0.930971745062505, 0.26322832804219476], [0.9469275490215369, 0.2591877697246141], [0.9633307906521935, 0.2605469810779811], [0.9784039242012749, 0.2671586704618212], [0.9905135417649732, 0.2783063587404642], [0.9983473783801853, 0.29278202091471345], [1.0010565162951535, 0.3090169943749476]]",0.007853981633974483,#e78ac3
